state,programme,point_id,x,y,state_width_pct,programme_share_pct,population_65plus_000,rate_per_1000,year,x_centre
NSW,Residential aged care,1,0.0,0.0,32.001,18.98,1570.9,51.5,2024-25,16.0005
NSW,Residential aged care,2,32.0011,0.0,32.001,18.98,1570.9,51.5,2024-25,16.0005
NSW,Residential aged care,3,32.0011,18.9757,32.001,18.98,1570.9,51.5,2024-25,16.0005
NSW,Residential aged care,4,0.0,18.9757,32.001,18.98,1570.9,51.5,2024-25,16.0005
NSW,Home Care Packages,1,0.0,18.9757,32.001,25.39,1570.9,68.9,2024-25,16.0005
NSW,Home Care Packages,2,32.0011,18.9757,32.001,25.39,1570.9,68.9,2024-25,16.0005
NSW,Home Care Packages,3,32.0011,44.3626,32.001,25.39,1570.9,68.9,2024-25,16.0005
NSW,Home Care Packages,4,0.0,44.3626,32.001,25.39,1570.9,68.9,2024-25,16.0005
NSW,Home support (CHSP),1,0.0,44.3626,32.001,55.64,1570.9,151.0,2024-25,16.0005
NSW,Home support (CHSP),2,32.0011,44.3626,32.001,55.64,1570.9,151.0,2024-25,16.0005
NSW,Home support (CHSP),3,32.0011,100.0,32.001,55.64,1570.9,151.0,2024-25,16.0005
NSW,Home support (CHSP),4,0.0,100.0,32.001,55.64,1570.9,151.0,2024-25,16.0005
Vic,Residential aged care,1,32.0011,0.0,24.83,17.61,1218.9,54.9,2024-25,44.4163
Vic,Residential aged care,2,56.8315,0.0,24.83,17.61,1218.9,54.9,2024-25,44.4163
Vic,Residential aged care,3,56.8315,17.6131,24.83,17.61,1218.9,54.9,2024-25,44.4163
Vic,Residential aged care,4,32.0011,17.6131,24.83,17.61,1218.9,54.9,2024-25,44.4163
Vic,Home Care Packages,1,32.0011,17.6131,24.83,24.03,1218.9,74.9,2024-25,44.4163
Vic,Home Care Packages,2,56.8315,17.6131,24.83,24.03,1218.9,74.9,2024-25,44.4163
Vic,Home Care Packages,3,56.8315,41.6426,24.83,24.03,1218.9,74.9,2024-25,44.4163
Vic,Home Care Packages,4,32.0011,41.6426,24.83,24.03,1218.9,74.9,2024-25,44.4163
Vic,Home support (CHSP),1,32.0011,41.6426,24.83,58.36,1218.9,181.9,2024-25,44.4163
Vic,Home support (CHSP),2,56.8315,41.6426,24.83,58.36,1218.9,181.9,2024-25,44.4163
Vic,Home support (CHSP),3,56.8315,100.0,24.83,58.36,1218.9,181.9,2024-25,44.4163
Vic,Home support (CHSP),4,32.0011,100.0,24.83,58.36,1218.9,181.9,2024-25,44.4163
Qld,Residential aged care,1,56.8315,0.0,20.351,16.72,999.0,50.4,2024-25,67.0069
Qld,Residential aged care,2,77.1823,0.0,20.351,16.72,999.0,50.4,2024-25,67.0069
Qld,Residential aged care,3,77.1823,16.722,20.351,16.72,999.0,50.4,2024-25,67.0069
Qld,Residential aged care,4,56.8315,16.722,20.351,16.72,999.0,50.4,2024-25,67.0069
Qld,Home Care Packages,1,56.8315,16.722,20.351,25.95,999.0,78.2,2024-25,67.0069
Qld,Home Care Packages,2,77.1823,16.722,20.351,25.95,999.0,78.2,2024-25,67.0069
Qld,Home Care Packages,3,77.1823,42.6676,20.351,25.95,999.0,78.2,2024-25,67.0069
Qld,Home Care Packages,4,56.8315,42.6676,20.351,25.95,999.0,78.2,2024-25,67.0069
Qld,Home support (CHSP),1,56.8315,42.6676,20.351,57.33,999.0,172.8,2024-25,67.0069
Qld,Home support (CHSP),2,77.1823,42.6676,20.351,57.33,999.0,172.8,2024-25,67.0069
Qld,Home support (CHSP),3,77.1823,100.0,20.351,57.33,999.0,172.8,2024-25,67.0069
Qld,Home support (CHSP),4,56.8315,100.0,20.351,57.33,999.0,172.8,2024-25,67.0069
WA,Residential aged care,1,77.1823,0.0,10.22,19.17,501.7,47.3,2024-25,82.2924
WA,Residential aged care,2,87.4025,0.0,10.22,19.17,501.7,47.3,2024-25,82.2924
WA,Residential aged care,3,87.4025,19.1653,10.22,19.17,501.7,47.3,2024-25,82.2924
WA,Residential aged care,4,77.1823,19.1653,10.22,19.17,501.7,47.3,2024-25,82.2924
WA,Home Care Packages,1,77.1823,19.1653,10.22,25.49,501.7,62.9,2024-25,82.2924
WA,Home Care Packages,2,87.4025,19.1653,10.22,25.49,501.7,62.9,2024-25,82.2924
WA,Home Care Packages,3,87.4025,44.6515,10.22,25.49,501.7,62.9,2024-25,82.2924
WA,Home Care Packages,4,77.1823,44.6515,10.22,25.49,501.7,62.9,2024-25,82.2924
WA,Home support (CHSP),1,77.1823,44.6515,10.22,55.35,501.7,136.6,2024-25,82.2924
WA,Home support (CHSP),2,87.4025,44.6515,10.22,55.35,501.7,136.6,2024-25,82.2924
WA,Home support (CHSP),3,87.4025,100.0,10.22,55.35,501.7,136.6,2024-25,82.2924
WA,Home support (CHSP),4,77.1823,100.0,10.22,55.35,501.7,136.6,2024-25,82.2924
SA,Residential aged care,1,87.4025,0.0,8.024,17.57,393.9,55.3,2024-25,91.4146
SA,Residential aged care,2,95.4267,0.0,8.024,17.57,393.9,55.3,2024-25,91.4146
SA,Residential aged care,3,95.4267,17.5667,8.024,17.57,393.9,55.3,2024-25,91.4146
SA,Residential aged care,4,87.4025,17.5667,8.024,17.57,393.9,55.3,2024-25,91.4146
SA,Home Care Packages,1,87.4025,17.5667,8.024,25.73,393.9,81.0,2024-25,91.4146
SA,Home Care Packages,2,95.4267,17.5667,8.024,25.73,393.9,81.0,2024-25,91.4146
SA,Home Care Packages,3,95.4267,43.2973,8.024,25.73,393.9,81.0,2024-25,91.4146
SA,Home Care Packages,4,87.4025,43.2973,8.024,25.73,393.9,81.0,2024-25,91.4146
SA,Home support (CHSP),1,87.4025,43.2973,8.024,56.7,393.9,178.5,2024-25,91.4146
SA,Home support (CHSP),2,95.4267,43.2973,8.024,56.7,393.9,178.5,2024-25,91.4146
SA,Home support (CHSP),3,95.4267,100.0,8.024,56.7,393.9,178.5,2024-25,91.4146
SA,Home support (CHSP),4,87.4025,100.0,8.024,56.7,393.9,178.5,2024-25,91.4146
Tas,Residential aged care,1,95.4267,0.0,2.644,16.13,129.8,46.7,2024-25,96.7488
Tas,Residential aged care,2,98.0709,0.0,2.644,16.13,129.8,46.7,2024-25,96.7488
Tas,Residential aged care,3,98.0709,16.1257,2.644,16.13,129.8,46.7,2024-25,96.7488
Tas,Residential aged care,4,95.4267,16.1257,2.644,16.13,129.8,46.7,2024-25,96.7488
Tas,Home Care Packages,1,95.4267,16.1257,2.644,20.51,129.8,59.4,2024-25,96.7488
Tas,Home Care Packages,2,98.0709,16.1257,2.644,20.51,129.8,59.4,2024-25,96.7488
Tas,Home Care Packages,3,98.0709,36.6367,2.644,20.51,129.8,59.4,2024-25,96.7488
Tas,Home Care Packages,4,95.4267,36.6367,2.644,20.51,129.8,59.4,2024-25,96.7488
Tas,Home support (CHSP),1,95.4267,36.6367,2.644,63.36,129.8,183.5,2024-25,96.7488
Tas,Home support (CHSP),2,98.0709,36.6367,2.644,63.36,129.8,183.5,2024-25,96.7488
Tas,Home support (CHSP),3,98.0709,100.0,2.644,63.36,129.8,183.5,2024-25,96.7488
Tas,Home support (CHSP),4,95.4267,100.0,2.644,63.36,129.8,183.5,2024-25,96.7488
ACT,Residential aged care,1,98.0709,0.0,1.395,19.26,68.5,47.7,2024-25,98.7686
ACT,Residential aged care,2,99.4663,0.0,1.395,19.26,68.5,47.7,2024-25,98.7686
ACT,Residential aged care,3,99.4663,19.2649,1.395,19.26,68.5,47.7,2024-25,98.7686
ACT,Residential aged care,4,98.0709,19.2649,1.395,19.26,68.5,47.7,2024-25,98.7686
ACT,Home Care Packages,1,98.0709,19.2649,1.395,19.35,68.5,47.9,2024-25,98.7686
ACT,Home Care Packages,2,99.4663,19.2649,1.395,19.35,68.5,47.9,2024-25,98.7686
ACT,Home Care Packages,3,99.4663,38.6107,1.395,19.35,68.5,47.9,2024-25,98.7686
ACT,Home Care Packages,4,98.0709,38.6107,1.395,19.35,68.5,47.9,2024-25,98.7686
ACT,Home support (CHSP),1,98.0709,38.6107,1.395,61.39,68.5,152.0,2024-25,98.7686
ACT,Home support (CHSP),2,99.4663,38.6107,1.395,61.39,68.5,152.0,2024-25,98.7686
ACT,Home support (CHSP),3,99.4663,100.0,1.395,61.39,68.5,152.0,2024-25,98.7686
ACT,Home support (CHSP),4,98.0709,100.0,1.395,61.39,68.5,152.0,2024-25,98.7686
NT,Residential aged care,1,99.4663,0.0,0.534,9.76,26.2,18.8,2024-25,99.7331
NT,Residential aged care,2,100.0,0.0,0.534,9.76,26.2,18.8,2024-25,99.7331
NT,Residential aged care,3,100.0,9.7561,0.534,9.76,26.2,18.8,2024-25,99.7331
NT,Residential aged care,4,99.4663,9.7561,0.534,9.76,26.2,18.8,2024-25,99.7331
NT,Home Care Packages,1,99.4663,9.7561,0.534,19.25,26.2,37.1,2024-25,99.7331
NT,Home Care Packages,2,100.0,9.7561,0.534,19.25,26.2,37.1,2024-25,99.7331
NT,Home Care Packages,3,100.0,29.0088,0.534,19.25,26.2,37.1,2024-25,99.7331
NT,Home Care Packages,4,99.4663,29.0088,0.534,19.25,26.2,37.1,2024-25,99.7331
NT,Home support (CHSP),1,99.4663,29.0088,0.534,70.99,26.2,136.8,2024-25,99.7331
NT,Home support (CHSP),2,100.0,29.0088,0.534,70.99,26.2,136.8,2024-25,99.7331
NT,Home support (CHSP),3,100.0,100.0,0.534,70.99,26.2,136.8,2024-25,99.7331
NT,Home support (CHSP),4,99.4663,100.0,0.534,70.99,26.2,136.8,2024-25,99.7331
