age_band,sex,value,year,series,share_pct,signed_population,signed_share_pct,band_sort
0-4,Female,738428,2025,2025 (actual),2.674,738428,2.674,0
5-9,Female,779432,2025,2025 (actual),2.823,779432,2.823,1
10-14,Female,817395,2025,2025 (actual),2.96,817395,2.96,2
15-19,Female,827398,2025,2025 (actual),2.997,827398,2.997,3
20-24,Female,870931,2025,2025 (actual),3.154,870931,3.154,4
25-29,Female,996347,2025,2025 (actual),3.609,996347,3.609,5
30-34,Female,1037136,2025,2025 (actual),3.756,1037136,3.756,6
35-39,Female,1017729,2025,2025 (actual),3.686,1017729,3.686,7
40-44,Female,962666,2025,2025 (actual),3.487,962666,3.487,8
45-49,Female,838072,2025,2025 (actual),3.035,838072,3.035,9
50-54,Female,856275,2025,2025 (actual),3.101,856275,3.101,10
55-59,Female,792287,2025,2025 (actual),2.869,792287,2.869,11
60-64,Female,788181,2025,2025 (actual),2.855,788181,2.855,12
65-69,Female,721709,2025,2025 (actual),2.614,721709,2.614,13
70-74,Female,625673,2025,2025 (actual),2.266,625673,2.266,14
75-79,Female,530871,2025,2025 (actual),1.923,530871,1.923,15
80-84,Female,345816,2025,2025 (actual),1.252,345816,1.252,16
85-89,Female,215755,2025,2025 (actual),0.781,215755,0.781,17
90-94,Female,102753,2025,2025 (actual),0.372,102753,0.372,18
95-99,Female,34314,2025,2025 (actual),0.124,34314,0.124,19
100+,Female,5237,2025,2025 (actual),0.019,5237,0.019,20
0-4,Male,778855,2025,2025 (actual),2.821,-778855,-2.821,0
5-9,Male,824425,2025,2025 (actual),2.986,-824425,-2.986,1
10-14,Male,865225,2025,2025 (actual),3.134,-865225,-3.134,2
15-19,Male,876888,2025,2025 (actual),3.176,-876888,-3.176,3
20-24,Male,943076,2025,2025 (actual),3.416,-943076,-3.416,4
25-29,Male,1028865,2025,2025 (actual),3.726,-1028865,-3.726,5
30-34,Male,1027702,2025,2025 (actual),3.722,-1027702,-3.722,6
35-39,Male,1000930,2025,2025 (actual),3.625,-1000930,-3.625,7
40-44,Male,950033,2025,2025 (actual),3.441,-950033,-3.441,8
45-49,Male,813062,2025,2025 (actual),2.945,-813062,-2.945,9
50-54,Male,830403,2025,2025 (actual),3.008,-830403,-3.008,10
55-59,Male,761642,2025,2025 (actual),2.758,-761642,-2.758,11
60-64,Male,748256,2025,2025 (actual),2.71,-748256,-2.71,12
65-69,Male,666256,2025,2025 (actual),2.413,-666256,-2.413,13
70-74,Male,567034,2025,2025 (actual),2.054,-567034,-2.054,14
75-79,Male,480349,2025,2025 (actual),1.74,-480349,-1.74,15
80-84,Male,298918,2025,2025 (actual),1.083,-298918,-1.083,16
85-89,Male,163249,2025,2025 (actual),0.591,-163249,-0.591,17
90-94,Male,62720,2025,2025 (actual),0.227,-62720,-0.227,18
95-99,Male,16625,2025,2025 (actual),0.06,-16625,-0.06,19
100+,Male,2108,2025,2025 (actual),0.008,-2108,-0.008,20
0-4,Female,852982,2045,2045 (projected),2.535,852982,2.535,0
5-9,Female,857315,2045,2045 (projected),2.547,857315,2.547,1
10-14,Female,855723,2045,2045 (projected),2.543,855723,2.543,2
15-19,Female,884289,2045,2045 (projected),2.628,884289,2.628,3
20-24,Female,985741,2045,2045 (projected),2.929,985741,2.929,4
25-29,Female,1056707,2045,2045 (projected),3.14,1056707,3.14,5
30-34,Female,1124079,2045,2045 (projected),3.34,1124079,3.34,6
35-39,Female,1150275,2045,2045 (projected),3.418,1150275,3.418,7
40-44,Female,1076246,2045,2045 (projected),3.198,1076246,3.198,8
45-49,Female,1064494,2045,2045 (projected),3.163,1064494,3.163,9
50-54,Female,1099821,2045,2045 (projected),3.268,1099821,3.268,10
55-59,Female,1067582,2045,2045 (projected),3.172,1067582,3.172,11
60-64,Female,996403,2045,2045 (projected),2.961,996403,2.961,12
65-69,Female,866946,2045,2045 (projected),2.576,866946,2.576,13
70-74,Female,860056,2045,2045 (projected),2.556,860056,2.556,14
75-79,Female,758092,2045,2045 (projected),2.253,758092,2.253,15
80-84,Female,663329,2045,2045 (projected),1.971,663329,1.971,16
85-89,Female,469743,2045,2045 (projected),1.396,469743,1.396,17
90-94,Female,244775,2045,2045 (projected),0.727,244775,0.727,18
95-99,Female,77738,2045,2045 (projected),0.231,77738,0.231,19
100+,Female,14289,2045,2045 (projected),0.042,14289,0.042,20
0-4,Male,899131,2045,2045 (projected),2.672,-899131,-2.672,0
5-9,Male,902722,2045,2045 (projected),2.682,-902722,-2.682,1
10-14,Male,900073,2045,2045 (projected),2.674,-900073,-2.674,2
15-19,Male,929174,2045,2045 (projected),2.761,-929174,-2.761,3
20-24,Male,1039930,2045,2045 (projected),3.09,-1039930,-3.09,4
25-29,Male,1107392,2045,2045 (projected),3.29,-1107392,-3.29,5
30-34,Male,1155907,2045,2045 (projected),3.435,-1155907,-3.435,6
35-39,Male,1175832,2045,2045 (projected),3.494,-1175832,-3.494,7
40-44,Male,1092786,2045,2045 (projected),3.247,-1092786,-3.247,8
45-49,Male,1052878,2045,2045 (projected),3.128,-1052878,-3.128,9
50-54,Male,1052451,2045,2045 (projected),3.127,-1052451,-3.127,10
55-59,Male,1008250,2045,2045 (projected),2.996,-1008250,-2.996,11
60-64,Male,937279,2045,2045 (projected),2.785,-937279,-2.785,12
65-69,Male,794312,2045,2045 (projected),2.36,-794312,-2.36,13
70-74,Male,777434,2045,2045 (projected),2.31,-777434,-2.31,14
75-79,Male,664517,2045,2045 (projected),1.975,-664517,-1.975,15
80-84,Male,555436,2045,2045 (projected),1.65,-555436,-1.65,16
85-89,Male,360718,2045,2045 (projected),1.072,-360718,-1.072,17
90-94,Male,165167,2045,2045 (projected),0.491,-165167,-0.491,18
95-99,Male,48546,2045,2045 (projected),0.144,-48546,-0.144,19
100+,Male,8240,2045,2045 (projected),0.024,-8240,-0.024,20
